mql_id,origin,business_segment,lead_type,lead_behaviour_profile,business_type,won_date
5420aad7fec3549a85876ba1c529bd84,organic_search,pet,online_medium,cat,reseller,
a555fb36b9368110ede0f043dfc3b9a0,referral,car_accessories,industry,eagle,reseller,
327174d3648a2d047e8940d7d15204ca,organic_search,home_appliances,online_big,cat,reseller,
f5fee8f7da74f4887f5bcae2bafb6dd6,paid_search,food_drink,online_small,,reseller,
ffe640179b554e295c167a2f6be528e0,unknown,home_appliances,industry,wolf,manufacturer,
b94fba7670eeb44dce2a0d8eb790e9f5,organic_search,health_beauty,online_medium,,manufacturer,
c3e30ed7ac989117c7e1e719b4ac128f,direct_traffic,computers,online_medium,wolf,reseller,
b02c89251106e1fdd9d92744be9f94f2,unknown,health_beauty,offline,cat,manufacturer,
a90a37898cc5f2718385a2fb981caaff,social,household_utilities,offline,eagle,reseller,
0173e8d8b1d94a355b440fb67388f532,paid_search,household_utilities,online_medium,eagle,manufacturer,
4e4e70d504b4c0006c8287dedc99d0fc,social,construction_tools_house_garden,online_medium,cat,reseller,
408a9c4a79800232ac656249af3162eb,paid_search,construction_tools_house_garden,online_big,cat,reseller,
c556184b3fe2087834850b68fa435cee,direct_traffic,household_utilities,online_medium,cat,reseller,
67455a0673f5cf26deae5b270c003e83,direct_traffic,toys,online_big,wolf,reseller,
ab11f58a6bf7036a656364b0ba68fb74,paid_search,sports_leisure,online_medium,cat,reseller,
bae38661a27f6228ba38c36e766ed769,social,stationery,industry,cat,reseller,
450b97a48568c3118ff397f73abe4e4a,referral,food_drink,online_medium,cat,manufacturer,
9878253904482726e741460a99adba86,organic_search,food_supplement,industry,,manufacturer,
ed3d878bf23177e7075ce07578841047,organic_search,home_decor,online_medium,cat,manufacturer,
119ce5d79e3c006a9e46967bff271cb2,organic_search,health_beauty,online_top,cat,reseller,
1f4e960dc47c49ab5c2a495e00055f64,organic_search,bed_bath_table,offline,,reseller,
05d287893f5f083739da863da2c4b6f8,social,health_beauty,online_small,cat,reseller,
0b97be8b4b408a3a0780a32e0a143a7f,unknown,watches,online_big,,reseller,
2552a7b886c1710f36be92ac29b1362d,unknown,fashion_accessories,online_beginner,,manufacturer,
59c0665c39a2bb9c8776d66f4e8b8f66,direct_traffic,jewerly,online_medium,,manufacturer,
4151b0029636a1c55afcce9283ac7902,organic_search,home_decor,industry,,manufacturer,
fc4166d1b1e192f650ee2d807b54c943,social,pet,online_small,,reseller,
85e43237b3fb87d881c757f44f1b0357,paid_search,household_utilities,industry,shark,reseller,
9ce2e101957dc53e3e89cc8e1599aa60,paid_search,computers,online_beginner,cat,reseller,
9a6b65aedf8177783035f3a53ca21ed1,organic_search,party,online_medium,eagle,manufacturer,
4bb1ec1ff58ad39558e8468054bfc469,organic_search,small_appliances,online_medium,cat,reseller,
c34eb63cd098bf4be03d53462d7ecba2,unknown,food_supplement,online_small,cat,reseller,
e428d5580f729d23e6070e43c492e424,unknown,health_beauty,online_medium,shark,reseller,
e3c91316d8f28b18d96869aebbb7c3ec,organic_search,audio_video_electronics,industry,wolf,reseller,
72e81de94dfc0373b006ca75e9c851a1,paid_search,computers,online_medium,cat,reseller,
1cbfa9c878ef8692c1ae21e4cfa11000,paid_search,pet,industry,cat,manufacturer,
b055fc7de322786cd9ddc996cb6e72ff,organic_search,food_drink,online_medium,cat,manufacturer,
a8d2884db49e0769ad4a0b8dce2e143c,unknown,health_beauty,online_medium,cat,reseller,
d955b97b28c2966211c9de2fe22fefbd,direct_traffic,bed_bath_table,online_beginner,,manufacturer,
1d7cc0f1d0b54eac3609c5222246595b,unknown,car_accessories,online_medium,,reseller,
78f9eb91b8c7b3b3967fab18283ec614,social,health_beauty,online_medium,cat,reseller,
20fcec0873b39b4df3df34140d77d6e7,organic_search,other,other,cat,other,
0a1643cb73c25878cc845d5594059afe,organic_search,fashion_accessories,online_beginner,cat,manufacturer,
92c7eacf759c266a7663d63876d84223,unknown,home_decor,offline,eagle,manufacturer,
f72a53e19c3310188cedd074226312c9,direct_traffic,audio_video_electronics,offline,wolf,reseller,
d25814a309be54d1d2279a4ff921ea28,social,home_decor,online_big,cat,reseller,
e3ed7cb7b47e4079cb9fef895846b3e2,social,home_decor,online_big,cat,manufacturer,
413e4eb37de01f40522e28ecdc268639,unknown,car_accessories,online_medium,,reseller,
c1e598764329cc9c377ef1d029be8ceb,organic_search,food_drink,industry,,manufacturer,
9cca8d684240e24dd459f2d439fae30c,unknown,pet,online_medium,cat,manufacturer,
0d99b130d767e50e22b528261ffe5550,organic_search,food_supplement,online_beginner,cat,reseller,
7c9ac4388867d4cc3f1cf9c05ad7e944,paid_search,audio_video_electronics,online_big,cat,reseller,
2c5d0b35798bffadf8f67ef0af84d183,unknown,construction_tools_house_garden,offline,cat,reseller,
e5860ae00103b3869a25d940345bf0fd,unknown,bags_backpacks,industry,cat,manufacturer,
014c073ef65e4a7ef73acd61cf606164,unknown,construction_tools_house_garden,online_medium,eagle,reseller,
3a91a097116d6c8b32d41e0c81dd1e9c,organic_search,construction_tools_house_garden,online_medium,cat,manufacturer,
1030d227d3fe9ed0555666c4ffd14ab1,social,jewerly,online_small,cat,reseller,
1c69de363482d0cbc9b6da97cb49757a,organic_search,audio_video_electronics,online_small,cat,reseller,
415ae4e297c08fd8790a5b1e1ba8482e,paid_search,home_decor,online_medium,wolf,manufacturer,
a55b94066766f2d29fc22a3bb52d78f6,paid_search,toys,online_big,cat,reseller,
f5da97d441cd42b0b26c10145b71a923,unknown,small_appliances,online_big,cat,reseller,
682e8ae60182137d74d90ada9e0947d8,paid_search,home_office_furniture,offline,cat,manufacturer,
77abef21c838da55e14ffc88016ce91f,organic_search,home_decor,online_medium,,reseller,
46d9834fa62209a6504b2aabe46d7bfb,organic_search,car_accessories,online_medium,cat,reseller,
009ff90f082aaa9fcd6e14caf65c7cc6,paid_search,car_accessories,online_big,cat,reseller,
29b97ecc5839e61efb7bdc25e979d8c6,social,health_beauty,online_medium,cat,reseller,
8d6be534a8bdd08e11efe57c6ce3dd21,organic_search,pet,online_small,cat,reseller,
4979feabd6097fb6100fd36c3c32aae0,direct_traffic,home_decor,online_small,cat,manufacturer,
5985e72b3752e4749926885db1b45be4,unknown,food_drink,offline,,reseller,
048bb2f901e2c6f99bc9d26b78b47129,paid_search,music_instruments,industry,cat,reseller,
58caf27a48e7930aefd5437298d64a70,paid_search,bed_bath_table,online_medium,"cat, wolf",reseller,
2b094148a9d10109b903715267c4dd14,unknown,computers,offline,eagle,reseller,
e5f15cc640c8a7408103dd190ced966c,unknown,pet,online_top,,reseller,
a15880813bd2f137e9f6922cbb7255bf,paid_search,home_decor,online_medium,cat,manufacturer,
3bcc8997df233ab581f30dd65f14698c,unknown,car_accessories,online_big,cat,reseller,
afac78e614dac1a1470030ea55c08eef,paid_search,household_utilities,online_small,cat,reseller,
d0b2ef3bdc9ed0fce3d672ec52dc9c00,unknown,car_accessories,online_medium,cat,reseller,
496515dec2a1c280f145f6ccb34851fb,unknown,audio_video_electronics,online_medium,wolf,reseller,
17c77fd570aa86b74387fae66d9d4edd,unknown,food_drink,industry,,reseller,
cc4ec90b270b9f1de8dc2d8864425252,email,health_beauty,online_medium,cat,reseller,
f0b314f185b80cf35d986e298db53fe3,unknown,computers,online_beginner,cat,reseller,
902a621ebb8a96c516d34a58334eb0ee,unknown,construction_tools_house_garden,online_beginner,,reseller,
a1ad46372861ecf61fdab04c7bf5082e,unknown,home_decor,online_small,cat,reseller,
7893b5468710641ad87f8b4aa1b8777d,organic_search,construction_tools_house_garden,industry,cat,reseller,
a82596c6fd3ed643b18a2a942eb6ddc9,paid_search,computers,online_beginner,,reseller,
36f6d5bde803873f6bffe9949f258935,direct_traffic,home_decor,online_small,cat,reseller,
4ddc45a9de1065695a90e87be37471c0,organic_search,audio_video_electronics,online_medium,wolf,reseller,
d2c1295f655a2d436edda96084211820,email,home_office_furniture,online_medium,wolf,reseller,
1cfef7cfd8d26b1ecb8b0eccca6366ca,unknown,home_decor,online_medium,,manufacturer,
2708ccf204c47df56b5469327e900581,unknown,household_utilities,online_big,,manufacturer,
44ebc4e28c99d8aeaead73b4b70cc5e9,paid_search,home_appliances,online_medium,cat,reseller,
62e44187d92348c552952aa4bf152e90,paid_search,health_beauty,online_medium,cat,reseller,
5931bbfb35cc483290f5dd6a9fda8ee5,social,food_supplement,industry,wolf,manufacturer,
0f2ad81c100f7a6c7475bd26ceb76cbf,organic_search,car_accessories,online_medium,cat,reseller,
cfccca319397a5ea2bb11bd90b0d925d,paid_search,books,online_big,cat,reseller,
7281f75a3496aa1e3643f44cd5773a65,unknown,construction_tools_house_garden,online_big,cat,manufacturer,
1fcceea4a8f4e128f39d1fe92d66a0d9,unknown,household_utilities,,cat,reseller,
1e2a84cd1c6fcd7b7a07f49f1cf7f6cc,organic_search,stationery,industry,"eagle, wolf",reseller,
1ab8d42d9e4a6b86010ac0a10c58fa86,paid_search,home_decor,online_medium,wolf,reseller,
b5372c821691eff5fb470f33af079a64,direct_traffic,household_utilities,industry,,reseller,
165d6a6256273a3430fa4891413ac2f0,organic_search,construction_tools_house_garden,offline,cat,reseller,
de1dbe3b8d524c96d50c30f2467c4bc6,organic_search,car_accessories,online_top,cat,reseller,
4e6e15ac583426150b75fc9b2951c7b1,paid_search,car_accessories,online_big,wolf,reseller,
080261e4427a081fc6e637b654f590ee,social,audio_video_electronics,online_big,cat,reseller,
f9c43d70a22ac65ce5fa816a4c34f8f0,paid_search,baby,online_small,wolf,manufacturer,
42e452a93e736373dd9281c113eff2b7,organic_search,books,online_big,cat,reseller,
67c34b9630469b3c13b7982316ffe7a1,,home_office_furniture,industry,,reseller,
bde34e7721e5a33091503ba45b3f8ea5,organic_search,health_beauty,online_big,cat,reseller,
1124225a47b3f07185073f3df3b449bf,social,home_decor,online_big,wolf,reseller,
ac68bc93ecc07d7daec8ce924ca09b0c,unknown,car_accessories,online_medium,wolf,reseller,
cd46a0224c83d17b825ebc226df3479c,paid_search,household_utilities,offline,eagle,reseller,
3cc3bc10218cf509ba24613cda41d940,social,home_office_furniture,online_beginner,eagle,reseller,
b223756da60ed5012d1d302bc9f50f6e,organic_search,sports_leisure,online_medium,cat,reseller,
4144092976e61a9c32e1c7b205d85452,organic_search,books,online_medium,,manufacturer,
b30be338efa14f74a40949dbafd02b57,social,pet,online_medium,cat,reseller,
7c68935a1dfb1fc8fb714797e7cbf805,unknown,household_utilities,industry,eagle,manufacturer,
8551ef0d517bfc756cb31e0477ac4adc,paid_search,party,offline,cat,manufacturer,
fc0a87e43ede1f423412583293815598,referral,audio_video_electronics,online_beginner,cat,reseller,
57648ec099f2451be828fb2e27d8f46a,social,food_drink,online_medium,cat,reseller,
d768d7e09a6f9ff4146a1659635cf304,unknown,household_utilities,online_big,wolf,reseller,
cdb36ea731ecf2d69881eaff7220b10e,paid_search,audio_video_electronics,online_medium,,reseller,
06bc22c1b089be523e97524b67084ca0,unknown,health_beauty,online_medium,cat,manufacturer,
d6e0ddfc5b05597877a7d5036789a3a1,direct_traffic,home_decor,online_medium,cat,reseller,
66744053f818d4032f5ba881340db020,organic_search,air_conditioning,online_medium,wolf,reseller,
6dcca2f79e4a4672f7c91f58385b4582,paid_search,household_utilities,offline,wolf,reseller,
e73083572cc595460842f5090da94662,paid_search,car_accessories,offline,eagle,reseller,
6fba9ab96aa12c4c9d01e74b66a74485,organic_search,pet,online_small,eagle,reseller,
fa027edbceb48e6657770c2985172201,organic_search,car_accessories,industry,,reseller,
83d5aac46c097426773520489cda201c,paid_search,audio_video_electronics,industry,cat,reseller,
a562fd35af2738ce6d88f785ef4eb134,paid_search,sports_leisure,online_medium,cat,manufacturer,
288ba9abad93ef50e6a76089ae84aab3,organic_search,health_beauty,online_medium,cat,reseller,
ab1417ecaf41d8fb741fade9be0b8ab1,social,household_utilities,online_medium,wolf,reseller,
d6137197f40a5b7916e5e9cbbbab739e,organic_search,car_accessories,online_medium,cat,reseller,
bd0027406f48f714d12dc1de747133cf,organic_search,food_supplement,offline,,reseller,
9b6edcffd428da99ae60cc01049a8403,unknown,bed_bath_table,online_big,cat,reseller,
d6140c51d9f0507b9a747e63e335be7d,organic_search,audio_video_electronics,industry,cat,reseller,
7f12bc8cffb170e083ea5c5296272b97,paid_search,audio_video_electronics,online_beginner,cat,reseller,
d9734d3817f40bb704b7cc4984ec39b0,organic_search,household_utilities,online_medium,wolf,reseller,
8f24f9bb371471be344cdb6fbcd99688,organic_search,home_decor,online_beginner,,manufacturer,
1bd7d4eac464cde6f86349cbe0d61385,organic_search,pet,offline,cat,reseller,
a85d745228d0257adc11fd790a31cee5,social,health_beauty,online_small,cat,reseller,
bc18cd01dacdd62719e6b4d59248c5e1,organic_search,sports_leisure,online_big,eagle,reseller,
d1d35acfd20d413bbda1eae8e208f0b5,paid_search,household_utilities,online_medium,,reseller,
48a8b46e7ea342b913b50c7087f78162,organic_search,audio_video_electronics,industry,cat,manufacturer,
30c5ba4650eee4a5550cdfa16fb4f195,paid_search,home_decor,online_big,,reseller,
60a7799873854c9ccd549ec39c8efddf,organic_search,home_appliances,online_medium,,reseller,
428a96d781ccb96d757bbf82f8242d95,paid_search,health_beauty,online_medium,,manufacturer,
21c55cb2ff8f7ce34b89f7cc8cf71d9f,paid_search,health_beauty,online_big,wolf,reseller,
4952d2ac78b534c78d7a21c60a236e4c,unknown,audio_video_electronics,online_small,,reseller,
d90b1c32b55f731e8a2072bfad782fdd,paid_search,books,online_medium,wolf,reseller,
6dfdc6a7e91f5d20a16c956c33974ca5,organic_search,home_decor,online_big,cat,reseller,
ffdd99e05df27c02a2fb1669d49e0c76,organic_search,sports_leisure,online_medium,eagle,reseller,
e73b38ff519142fdc3723ddf4a3a5825,unknown,construction_tools_house_garden,online_medium,,manufacturer,
eea8870139b7780b13870d4299006da2,organic_search,car_accessories,online_medium,cat,reseller,
271a299f0893b2173e77162c5c768b89,paid_search,health_beauty,online_big,cat,reseller,
1b061b1cec6b5898e5326992d9461610,organic_search,household_utilities,online_big,cat,reseller,
c028b7dd285d13e19ff7a4cabf8bf700,unknown,health_beauty,online_medium,,reseller,
90513943523077ad07582e989457ccec,organic_search,home_decor,industry,cat,reseller,
080cc5a4ec71a747e260e274bdb13b64,paid_search,construction_tools_house_garden,online_big,cat,reseller,
3f2a136272ab1bc4ee09e0695becffd1,social,food_drink,online_beginner,wolf,manufacturer,
a4fa73f413400524fef474c93faa5e02,paid_search,health_beauty,offline,,reseller,
bd503b6e91ef50d1c4c169476158e8eb,social,phone_mobile,industry,eagle,reseller,
f6127362ba4727c54d742b7ab1ae7c1c,paid_search,music_instruments,online_medium,wolf,reseller,
2448225d3dfa0dc52632c746aa76b66e,unknown,construction_tools_house_garden,online_medium,eagle,reseller,
f49a02e0f135ae9f2bcf60f55bcd0174,organic_search,audio_video_electronics,online_medium,cat,reseller,
c36d210f50e7ef3103da68ab61efd093,unknown,small_appliances,online_big,eagle,reseller,
384b5bdbe32117213b87f8f5e0604be4,unknown,car_accessories,online_beginner,cat,reseller,
6c465ed53d17739467c95fe414d8e056,referral,sports_leisure,online_small,cat,manufacturer,
f74b25a7dc1504cf5a3b964a990266ff,organic_search,baby,online_big,cat,reseller,
57e65b6fc1f2e47c402deeee25bba1aa,social,baby,online_small,,reseller,
107fce5988735e531cae0da812db9a62,other,jewerly,online_small,cat,reseller,
e903c166f2335f821f495e4419b4821b,organic_search,audio_video_electronics,online_big,cat,reseller,
e430deb739cc669ad740c421931bc8f8,direct_traffic,books,industry,wolf,reseller,
2b736f73615495dbfc8c911ef6378747,referral,home_decor,online_medium,,manufacturer,
cd9e8a4a222eb86428130d42fc684ca5,organic_search,household_utilities,online_medium,cat,manufacturer,
d8de81eff6dfe582a05bc6981879f01a,unknown,pet,online_big,cat,reseller,
aadd608980d2f5f7ee3942cc912eef00,organic_search,computers,online_medium,"cat, wolf",reseller,
d88a45e680327e0b22a34020d8f78252,unknown,household_utilities,industry,cat,reseller,
a552e1db6a1c7dbac243c72a8d3140bb,organic_search,home_decor,online_medium,,manufacturer,
e2e57ded5b59a2058dd5855564c6b5ea,unknown,construction_tools_house_garden,industry,cat,manufacturer,
098d6dd896e6740f88282b48495d47ef,paid_search,construction_tools_house_garden,offline,shark,reseller,
d0b16c2b9e945575082a7e81f6f933b0,paid_search,car_accessories,online_big,cat,reseller,
512182619d12ae0863827b7e5ab97f19,organic_search,car_accessories,industry,,reseller,
0951c34dc17cf35be31bb59fa96435df,organic_search,construction_tools_house_garden,online_big,cat,reseller,
8292c2c5afbab7549123a2640e22044a,direct_traffic,sports_leisure,online_medium,shark,reseller,
7270ec1d67725ee992193adf9e9f2637,unknown,home_decor,online_big,shark,manufacturer,
a93dc621a446eb77129989e557dd50d0,unknown,,industry,,reseller,
e911087c91c63c9d3e7ee83e372d10f7,social,audio_video_electronics,online_big,wolf,reseller,
6a10f542e6f79265c34a405dbc928e37,organic_search,construction_tools_house_garden,industry,cat,manufacturer,
4de20dd98d2ca78fd643bdc4f0a6359b,unknown,bed_bath_table,offline,eagle,reseller,
4a907eba6a8d0223e39ee7d45672e26b,organic_search,home_decor,offline,cat,reseller,
1e8e96e5a2857a7645534e99f20928b7,direct_traffic,construction_tools_house_garden,online_big,,reseller,
8cfebc3e119ed2fe0dd172eb59b0a595,paid_search,home_decor,industry,cat,manufacturer,
bf3e0df27b04abb4c107ab4df9955b29,paid_search,small_appliances,industry,"eagle, wolf",manufacturer,
853beae72ddb4f7a9b8c7c50dc0127e2,unknown,bed_bath_table,online_medium,cat,reseller,
3c803c1d8fef5385ca87aa1f8952338e,unknown,household_utilities,offline,cat,reseller,
3b9c2023b5da0ffe9aa0a39285c836c6,other_publicities,home_decor,online_medium,,manufacturer,
fe1fa775d818957a76304c35e1939355,organic_search,car_accessories,online_medium,cat,reseller,
5641240ccf2611004c76234f4afb8f90,unknown,audio_video_electronics,industry,,reseller,
3cab34e6c6a51d1f2ca8e76908c62368,direct_traffic,handcrafted,online_medium,cat,reseller,
bfaf03e3d41e25b94457fadfbc4521eb,organic_search,music_instruments,online_small,,reseller,
e2e3fb19cb1f4edf8c601bab9adbad86,social,household_utilities,online_beginner,eagle,reseller,
9675f0018d103531e073a3da2945df41,unknown,home_office_furniture,industry,eagle,manufacturer,
3172362312fcf09d96f02125f66b74f5,paid_search,audio_video_electronics,online_beginner,cat,reseller,
0de705dc7d8026cc9b2128b775e4c35e,paid_search,construction_tools_house_garden,online_big,wolf,reseller,
1accc1c92278a9bc2bbc6a8002026b25,social,home_decor,online_small,cat,reseller,
0e327f32dbb22d433600688b7e9af0db,paid_search,health_beauty,online_medium,shark,reseller,
3db893ff5d6c0e9dccfed451a741853f,organic_search,car_accessories,online_big,"cat, wolf",reseller,
8f118ab2a5c0d99362fb67e29856acab,organic_search,construction_tools_house_garden,online_big,,manufacturer,
626dc1c3716c817b064632fded168e35,organic_search,health_beauty,offline,eagle,manufacturer,
4433c8475916d6e6ebb8cf4994d2f1d1,email,audio_video_electronics,offline,cat,reseller,
667f061b738858573caad66f5cc56b32,organic_search,audio_video_electronics,online_medium,cat,reseller,
843966e79e757cf797b7dfe514e30af1,organic_search,food_supplement,offline,eagle,reseller,
cf8f0678e67cb002c2b68f9f68629885,paid_search,construction_tools_house_garden,industry,shark,reseller,
299d8968ef74c5086cb3ee21f13ed27a,unknown,car_accessories,online_big,cat,reseller,
e9dcae4d924ac8fff2334db6e5b99482,organic_search,car_accessories,offline,cat,reseller,
081c243a74472af67b65145cff5221c7,paid_search,fashion_accessories,online_medium,eagle,reseller,
39ecc5282d4511dca4c757113e1312d1,organic_search,household_utilities,online_big,,reseller,
02c1f06978b821b2996ec257932f2947,organic_search,car_accessories,offline,cat,reseller,
072446c6aa02c85a9a91d6a75116def5,organic_search,household_utilities,online_top,cat,reseller,
0d8b45d95dc4bd9712dc67f87db79a8e,paid_search,health_beauty,online_medium,cat,reseller,
f88920d4589dae7abec2eb05fca153e3,paid_search,household_utilities,online_small,eagle,manufacturer,
10b83e434ddcd9c79ad2b9be2fd0aa84,social,home_decor,online_medium,,manufacturer,
dcebacc996ed40656c7097704c600386,referral,food_drink,industry,cat,manufacturer,
e4dcab5f7c33b62eb67f0a87c1b7f162,social,construction_tools_house_garden,industry,wolf,manufacturer,
9f73f765160d33280216b73b6378c068,paid_search,watches,online_top,,reseller,
fe75268bb28b40ef89979d0ec2c54497,direct_traffic,health_beauty,online_big,,manufacturer,
bd0c413c4350a9a29fb9bec5de64e2a6,unknown,construction_tools_house_garden,industry,cat,reseller,
409b474080e928bbb5664659407b5947,paid_search,health_beauty,online_small,cat,reseller,
2b73fd917ee9cc38ec528df06d5b8561,paid_search,food_supplement,online_small,eagle,manufacturer,
06f38e7909709a72b521a4a9d1c05841,unknown,home_office_furniture,online_medium,,manufacturer,
8928ccba6d94d5f1481c1065330c6066,organic_search,food_drink,industry,cat,manufacturer,
58b26e6eaeb6ed078b51e6cde7925d71,unknown,fashion_accessories,online_small,,reseller,
15992174039ff729f588d6c82cf022c1,paid_search,car_accessories,offline,cat,reseller,
239ce949b3bcb25a0c47779fe37c80e0,unknown,toys,online_medium,cat,reseller,
b8bb2a1d59f4ecae0646fc039b75391e,other,home_decor,online_medium,,reseller,
6d78dcbeb39103c047f486abd2519ee4,paid_search,health_beauty,online_small,wolf,reseller,
4fbe9e8a0ace3a44f0a9e1d7fe41da02,organic_search,perfume,online_medium,eagle,reseller,
6c6094f256f51e83fe02bce6091163e7,organic_search,sports_leisure,online_medium,,reseller,
0b32d6a87c09c32b3cd90dfd5ef5699f,paid_search,fashion_accessories,online_medium,cat,,
f63f7107398c54c17b5d14eadfa76842,direct_traffic,household_utilities,offline,cat,reseller,
10fa97233fb64af4b6ce8316d0bc2eca,social,audio_video_electronics,online_medium,wolf,reseller,
cdd41e8e7e609526df11a959b953cc0d,organic_search,household_utilities,offline,cat,reseller,
3c13b54db21952663b5775d142be0ed2,social,fashion_accessories,industry,,reseller,
a0604c9d9ef23fbf7cb7be5091201041,unknown,audio_video_electronics,online_small,cat,reseller,
88e3fa7a7462c4ce017655ee2ea2ad46,paid_search,audio_video_electronics,industry,eagle,reseller,
867b587b7c0da5f1af73b47803e60859,paid_search,computers,offline,cat,reseller,
5bee2861956d76fe35e91c33bc4a81b3,paid_search,bags_backpacks,online_small,eagle,manufacturer,
1e2001dab6238763e58c775cba225a16,unknown,construction_tools_house_garden,online_medium,cat,reseller,
37d92d59a2b02e0256aa1d2bddcfa50d,social,household_utilities,online_medium,,manufacturer,
503831c6265361a08aa4113b4d867178,paid_search,home_decor,online_medium,,reseller,
bc55d3363ee659d6ab6c908b932c7705,paid_search,home_decor,online_medium,cat,reseller,
1b34d47c57a081fbfeec93a1065e69bd,paid_search,home_decor,online_medium,,manufacturer,
fef0383cea937628ff95eb48ba1ffd17,organic_search,construction_tools_house_garden,offline,shark,reseller,
f89b10e626692ac7a87c19d69f261db2,paid_search,construction_tools_house_garden,online_medium,cat,manufacturer,
1d0949fd6674f963b44662838ef3ae09,organic_search,toys,industry,,manufacturer,
a463cac2327534f6f02563ffbdf92918,unknown,audio_video_electronics,online_medium,,reseller,
4b4234f02431d2179f5d18fd1db0ef8e,organic_search,pet,online_big,eagle,reseller,
05ede5cedad6c61ef99376296b0699ef,organic_search,car_accessories,industry,eagle,reseller,
8aa7c17161d6a6270218e8a7b0806263,direct_traffic,car_accessories,offline,,reseller,
90d2301e323b1809708324229782def2,direct_traffic,health_beauty,online_small,,manufacturer,
e5d0a99e3684733914f594116839e0c2,unknown,health_beauty,online_medium,,reseller,
790d8fa56e05ff05080e6e66fae0272a,organic_search,music_instruments,online_small,wolf,reseller,
0c117e6a0b3f700bd997a11500a5c2e2,organic_search,health_beauty,industry,wolf,reseller,
3461d99a30c72933c66cac4f1c02bd14,unknown,computers,online_medium,wolf,reseller,
0338bf13624f52beaca91ec4a23c860c,display,handcrafted,online_medium,eagle,,
245e57794c369c8617378e285ee9755c,unknown,music_instruments,online_big,eagle,reseller,
b9ed46d1ff01c4fb8e3f2453091804d0,organic_search,construction_tools_house_garden,online_big,cat,reseller,
38427015e9934ea855bd9adcdf32055f,paid_search,stationery,industry,,reseller,
c3daacb733cbbe636db5b70ace98d520,paid_search,computers,online_top,cat,reseller,
593f4a8705fd0d72d47efb651bdfb135,display,home_office_furniture,online_medium,eagle,reseller,
be8eca3856293b0591f6240af2b62091,paid_search,home_decor,online_medium,cat,manufacturer,
42e63e1b4d6aa921fd566bdef26e5ef4,social,stationery,online_medium,cat,manufacturer,
d57b5430f8c6a9fa9d91cb60bd237336,organic_search,audio_video_electronics,online_medium,cat,reseller,
3505514e9f9ba3724fc51cb3278e0e67,unknown,small_appliances,online_big,"cat, wolf",reseller,
fdd68c10c38eb2811cbf1e13bc95b5a1,organic_search,home_office_furniture,offline,cat,manufacturer,
f7066703eb3987f21f0d102ea8caaeb5,organic_search,food_supplement,online_top,,reseller,
8423896e04d8cc356ddbb29d4cc9288d,direct_traffic,household_utilities,industry,cat,manufacturer,
54007efbb2ae51f02c995466f0738caa,organic_search,perfume,online_medium,cat,reseller,
1991b2c8479598ad84ed59f5446bb589,unknown,health_beauty,online_beginner,cat,reseller,
180d9ac0990bb42907fe9cc7aa3eb5a1,unknown,household_utilities,online_medium,cat,reseller,
0c28423a88b5dbffd0d1ee2aec41efd0,organic_search,phone_mobile,online_medium,eagle,reseller,
af1ea7c59c7e37f0b95b48bc972ceb67,unknown,home_office_furniture,offline,cat,reseller,
cb92c899ab0e2c0fcf4d4e11e9930f6a,paid_search,bed_bath_table,online_big,cat,reseller,
6bdffb19c15963b8e630b6a1861b477f,unknown,home_decor,online_small,cat,manufacturer,
834e43588167648b6f83961cf22f940e,unknown,car_accessories,online_medium,cat,reseller,
688026f6edb29cc7c96b287b186b03c9,paid_search,food_supplement,online_small,cat,reseller,
439c56de17208ac25a2abee9beca46f7,paid_search,construction_tools_house_garden,online_small,cat,reseller,
ed1f42da2c5662307df13fe5648b05bf,referral,sports_leisure,online_small,cat,reseller,
9577014358ebabb5010e7513a7439a82,direct_traffic,pet,online_big,cat,manufacturer,
c6c02ef92aa0dcb6c333a27cfb22d47c,direct_traffic,car_accessories,online_medium,wolf,reseller,
22c0b2a19a05fff19e92fab5a0b7728b,paid_search,household_utilities,online_medium,eagle,reseller,
41fb0fd43593de7d24448de9f5aea38e,paid_search,audio_video_electronics,offline,cat,reseller,
7b27ab2fbcbe3b67935da0694742ed0e,organic_search,small_appliances,online_big,,reseller,
bea6f48261d29b0dba555367e277f670,organic_search,health_beauty,online_medium,wolf,reseller,
84ca5950143557353793f24e65e1af22,unknown,sports_leisure,online_medium,eagle,reseller,
68482ad368c7b9779cf50a7164815379,unknown,bags_backpacks,online_medium,cat,reseller,
70699f79c6aeddeb2d322d7074c2f366,paid_search,car_accessories,offline,shark,manufacturer,
29ed0987440c24898ae109b05a1d3f8e,unknown,household_utilities,online_medium,cat,reseller,
85fb7822c0e202d4b3bb8c1ad5e0280c,organic_search,pet,online_big,cat,reseller,
99bc9f7d864b6291861728d671d61890,social,household_utilities,online_medium,cat,manufacturer,
0c1a046883bb8a4141228501feece7c1,organic_search,audio_video_electronics,online_medium,cat,reseller,
ab65e1a4d850fa15d38469a1ad02ce90,organic_search,home_decor,online_medium,,manufacturer,
2f45fb6d3d46af0423ad2813249ac4a2,organic_search,construction_tools_house_garden,industry,cat,manufacturer,
c733f4f772bfa7b8702ccb81887f8333,paid_search,home_appliances,online_top,cat,reseller,
a06df17094fd9599cad32555b897a0d3,direct_traffic,small_appliances,online_medium,cat,reseller,
a7949e3bfe0d90df9ba1700365ac42c9,organic_search,home_decor,online_medium,cat,manufacturer,
c2bb2199cb1cff125e02122597fbfb29,organic_search,watches,online_medium,"shark, cat",reseller,
5f7526ec1bdd6eebdf4f7d0054cfe163,organic_search,food_drink,online_medium,wolf,reseller,
1024cf4dc7f44bc2296769309fcfb4e5,referral,health_beauty,online_big,cat,reseller,
352409af828b39fe2353dfbe5e813752,direct_traffic,food_drink,offline,,reseller,
b1e32544dc409b126235d7b5bc98246e,unknown,home_office_furniture,online_beginner,cat,reseller,
bf5b131e6aee15fa373fb4d113b4a65c,referral,car_accessories,online_big,cat,reseller,
ee488918cd8d11b893067864f9dabddb,unknown,audio_video_electronics,online_medium,cat,reseller,
145bce9926e5e1adbddd13d9ee519c3e,organic_search,car_accessories,online_medium,,reseller,
aa65c38536b38e859fdecdcea7335154,paid_search,pet,industry,eagle,reseller,
24227051b98de30e484412134e0d0e49,organic_search,home_decor,online_big,,reseller,
e29db7c8b090e8df0246f5a54cd72799,paid_search,household_utilities,industry,,manufacturer,
5290b66ff9e0c1115614365d8e20f10c,,party,online_medium,cat,reseller,
b145d383541b505a53c5715a21385f80,referral,food_supplement,offline,cat,reseller,
a58f8a3280b2dd6440d88af9decb9b1f,organic_search,food_supplement,online_medium,cat,reseller,
4c898465f7e0becf53dd933ab2a1b6f9,paid_search,construction_tools_house_garden,online_top,cat,reseller,
3469f647707d7517364600b07bd45816,paid_search,home_decor,online_big,cat,reseller,
19c777b5bed02ee09375ce374cf653f1,unknown,construction_tools_house_garden,online_medium,cat,manufacturer,
fc723a87e241c9b3c2e5fd4df4ff8e9d,organic_search,audio_video_electronics,online_big,cat,reseller,
a7a8f7739ddc1abdd3bf7d4f9d8a911f,organic_search,home_decor,online_medium,shark,manufacturer,
9e7f111f15db1aa3830cd806660d7b97,unknown,health_beauty,industry,shark,,
768a02c350549c32585575742d6c29da,organic_search,food_drink,industry,eagle,manufacturer,
647715020a35f278c5ff9de26e2a4f9b,paid_search,watches,offline,eagle,reseller,
a0a7ffa593070c447c15f66e0aab9785,organic_search,car_accessories,online_big,eagle,manufacturer,
55dbee9943100076f718829ec0359185,organic_search,food_supplement,online_big,cat,reseller,
4fdeceef54c4e757fdbf8ea9132b22c9,organic_search,toys,online_medium,,reseller,
d348734a9ee240ebc4c0937a6e755621,paid_search,health_beauty,online_medium,,reseller,
0f7a3e9f4a5a415ee8d01aa7ad65ab7a,unknown,toys,industry,cat,manufacturer,
04921466d09d50f6541fdd33b322c876,organic_search,air_conditioning,online_medium,shark,reseller,
9b6e0fb52eba76006d3d11ead82fad4d,email,construction_tools_house_garden,online_medium,wolf,reseller,
e84d3444422cda735543114cf5df6b95,unknown,audio_video_electronics,online_medium,cat,manufacturer,
70e177868d7bc383ce3ea10b6f976ada,organic_search,pet,industry,,reseller,
cdca41db5ada4bf3e8e608a495066165,organic_search,computers,online_medium,cat,reseller,
479f751686a3b7f1783994dd56619558,organic_search,home_decor,online_medium,wolf,manufacturer,
b43f5f80ddc7bcfebd6cd94e13554e4a,direct_traffic,bags_backpacks,online_small,eagle,manufacturer,
860e39bc33e7c4ca4c26ec67979cc290,paid_search,home_decor,online_big,cat,reseller,
03ba283fed2772f4e477eea4f0f236b8,organic_search,food_drink,online_medium,cat,manufacturer,
9f11e692a2a53a8382be86ee9713763c,paid_search,jewerly,industry,,reseller,
f613b01d52b86da04ae810f173d5aaef,organic_search,music_instruments,online_beginner,cat,manufacturer,
a045219c760c6f765dfb3c5a6abf54c0,unknown,food_supplement,industry,cat,manufacturer,
ba7fb7aa93b1203a1f5e19b0857870e3,paid_search,home_decor,online_beginner,cat,reseller,
d2108470e2824da1f619e91a0e4784d0,unknown,toys,online_beginner,cat,reseller,
d8da124409cad437d5d2c35b101e3b91,direct_traffic,gifts,offline,,reseller,
37e3398f030e206491f4a61b69d39faa,organic_search,books,online_small,,manufacturer,
b5d3329593899c7a29511c6110bdc575,organic_search,car_accessories,online_medium,cat,reseller,
56e421575126bfe4c0592353bab5cfe6,paid_search,pet,online_medium,cat,reseller,
50cd562760a5819b07a9da2239046ef0,direct_traffic,car_accessories,online_medium,cat,reseller,
888a8ba5a910f3b25c9b95dedfdc04b2,organic_search,household_utilities,offline,wolf,reseller,
1160b456c2b0d88893e20daf51f80f39,organic_search,home_decor,industry,cat,manufacturer,
da96552c519b38a0d1b5dabc42e6be00,social,car_accessories,industry,eagle,reseller,
3fc2d2c3597b3e7b87c17651f98f6c22,social,food_drink,industry,cat,reseller,
70217dd96da535e0b862ae12245c8906,paid_search,pet,online_medium,cat,reseller,
e633a3d4fb3db2c7665c170c80db6717,organic_search,audio_video_electronics,online_big,cat,manufacturer,
29237848f862237c97d24f2cd71f89c9,social,health_beauty,offline,,reseller,
a4caf71cf38708eaf17117f78fa61c9f,organic_search,toys,online_medium,cat,manufacturer,
3d98ceed3d2937a5e819cd5b239220a3,paid_search,health_beauty,online_small,,manufacturer,
e9356c402558dcf285db53208880d47e,paid_search,construction_tools_house_garden,industry,eagle,reseller,
5c490b208aeecdb2af2f4b6fb696a6fe,organic_search,home_decor,online_small,cat,manufacturer,
a397cbaf77babef6e8fbbe9b72c7bee7,referral,construction_tools_house_garden,online_medium,,reseller,
518f741fa426a51c73533c621e5c8107,unknown,bags_backpacks,online_medium,cat,reseller,
7c01802bb3674e5af58547b0395bcb2d,organic_search,bags_backpacks,online_medium,eagle,manufacturer,
abcb67d98a01dcf18478fd47823a8dad,unknown,toys,online_medium,eagle,reseller,
8f8161d3a6bdf6a3ba5b28fd35725356,organic_search,fashion_accessories,online_beginner,eagle,reseller,
6e4e57e5aacf1a8feffa258c2c6ff947,organic_search,construction_tools_house_garden,online_medium,wolf,reseller,
384008daaa0f14b58912d8648101fdd0,organic_search,bed_bath_table,online_big,cat,reseller,
2b9eb12abdcf58e92fcf797a1eb2983d,organic_search,bed_bath_table,online_medium,cat,reseller,
586e57a7ef16035bd85e2dcf44248130,social,construction_tools_house_garden,online_beginner,,reseller,
99fc32e3c05e03597a692c4fd9a9d162,referral,computers,online_big,cat,reseller,
e866f5b284008f65db1641dae437f9c2,organic_search,toys,online_medium,,reseller,
e5c8f30b30415b1fc94d820ba9d4d08c,organic_search,home_decor,online_big,,reseller,
fa5e2d8f160a9160ba19cf589cdc017b,paid_search,home_decor,online_medium,cat,manufacturer,
3efcf88e3453fc6d9ce464e51d3a81d4,paid_search,car_accessories,online_big,eagle,reseller,
1360d3a80eca6292f33a04f7aebb5fee,referral,home_decor,industry,cat,manufacturer,
9375fea0a120ddcc052f02b81cde38fe,organic_search,home_decor,online_small,eagle,reseller,
3da19335c0dfd2c484d977ca16bfebd2,direct_traffic,household_utilities,offline,cat,reseller,
7318634fbf3172a58af7c638ddc76184,organic_search,home_decor,online_big,cat,manufacturer,
963637be23e343ea96024053fdecd723,organic_search,fashion_accessories,industry,cat,reseller,
9b4e84017d08b6576f1282367901c964,unknown,car_accessories,online_medium,wolf,reseller,
4dcfeaf97d0aec9f35e384d9c3624b39,organic_search,construction_tools_house_garden,online_medium,,reseller,
a6807243689c76d0e34230e8e6ce5ca9,paid_search,food_supplement,online_top,eagle,manufacturer,
0d7c4c62f923a1527f1e9e5bb30e5d60,unknown,construction_tools_house_garden,online_medium,cat,manufacturer,
24b23168fdaa0d98e9119081cd4fdd3e,organic_search,household_utilities,online_small,cat,manufacturer,
4e92cdeada5b8e753d95bc8c5c219f6d,paid_search,bed_bath_table,online_medium,,reseller,
c263e540e76c57607b5e1b613fbc8732,referral,gifts,online_beginner,cat,reseller,
3c0e7686e6e39489f6a45f6c7ec0dddb,referral,health_beauty,online_medium,wolf,reseller,
18f5d73a3c6b68160f6aa7fd089423b3,social,audio_video_electronics,online_small,eagle,reseller,
010ed37e44e2fdc175b4c5c6c930805a,paid_search,audio_video_electronics,online_medium,cat,reseller,
b83a52c035258ed43d787106b1765e35,organic_search,home_decor,,,reseller,
0d6080ffaadf8f8fd9648afb791c29c2,paid_search,handcrafted,offline,eagle,,
973f72ab89f64e22470778a9bd1ea10f,direct_traffic,toys,online_small,cat,reseller,
bb221b9bbbf25cc108cffe12fe10fbc2,unknown,home_decor,online_medium,,manufacturer,
fff8db9478d2fd72df65a67ee6b62f67,direct_traffic,construction_tools_house_garden,online_medium,,reseller,
d2ac71782272659e7171150d20d59158,,computers,online_big,cat,reseller,
085df4d5a370218b679cfab2121cd194,organic_search,food_drink,online_small,eagle,manufacturer,
b68eec99f3b66e98022e60843901fe3e,social,household_utilities,online_top,shark,reseller,
cbcb32994827a5c4ef1b8a630a4fa66e,organic_search,audio_video_electronics,online_medium,cat,reseller,
3ce39e5e8a82aa26e73fb52221089d5e,organic_search,construction_tools_house_garden,online_medium,eagle,reseller,
614a4db226bdaf4ffdbf60e37eda9213,organic_search,home_decor,industry,cat,manufacturer,
3de2f5d6b216073b662a9e202fb4b556,unknown,health_beauty,online_medium,cat,manufacturer,
b53cbe6da81db747a73e52a5a48d2703,unknown,health_beauty,online_small,cat,manufacturer,
a02248212328cdea5940d1c050f6c6e1,social,car_accessories,online_medium,wolf,reseller,
de615d957b9c5f4b8fd48893f7267a15,referral,sports_leisure,online_big,cat,reseller,
50523d9bd9d5d9a44bbc2f778954c5ae,paid_search,phone_mobile,online_big,shark,reseller,
08a7223e876a045d511074e8c9c8e937,social,bags_backpacks,online_medium,cat,reseller,
47a752e75a196b3b4edd825252ccf97f,paid_search,household_utilities,industry,cat,manufacturer,
f1a425f699458e09372b5da49c06fd33,paid_search,computers,online_small,,reseller,
450b9ff6579ee8138f673984554e8a93,organic_search,health_beauty,online_big,cat,reseller,
e3c586bec59ecb0430e34fb6bc37fb8d,organic_search,home_decor,online_beginner,cat,reseller,
c2174952a0255de7fb31b91a037f1e16,organic_search,construction_tools_house_garden,online_big,,reseller,
6c5532cd89a43796f19e4ac21f3b8c72,direct_traffic,audio_video_electronics,online_medium,wolf,reseller,
115f08592f4c2bb29013efbbc46608fc,unknown,construction_tools_house_garden,online_big,,reseller,
ff89e8ee1db049c810a2da86c84c6bd5,unknown,bed_bath_table,industry,,manufacturer,
2b9b8e32584fe9897d8aedde5bc04ed7,unknown,sports_leisure,online_medium,cat,reseller,
bb10ba1898d78d59bb76db2493ca511c,organic_search,audio_video_electronics,online_big,,manufacturer,
d94101ad400cbaf86b951c78f8172039,organic_search,handcrafted,online_big,cat,reseller,
f5f0711534e0b5d69c8e4206dd17cd88,direct_traffic,car_accessories,online_medium,cat,reseller,
04f8b803895d585e29bf21162e49cc84,social,baby,online_medium,cat,manufacturer,
57a80e778f3d755b4f2166e6a60826fd,unknown,jewerly,online_beginner,,manufacturer,
5c3fd6f239bbbd47b94fb424c8827b2e,social,home_decor,online_beginner,eagle,reseller,
099c0eddd44f937ac2facf3a72263b7f,unknown,computers,industry,,reseller,
644b522e92999426ab230d94a4bb4512,social,car_accessories,online_medium,wolf,reseller,
d2e8ac40dc18011d5ecd890846f36ec1,paid_search,food_drink,offline,eagle,reseller,
ee7230dec6c5cf2229f0a706a265ca49,direct_traffic,bags_backpacks,online_big,cat,reseller,
05b99715f32c973f929cd22735389966,organic_search,construction_tools_house_garden,online_big,cat,reseller,
f9cb3124b5a22b133f21273ef2cb0695,social,construction_tools_house_garden,online_medium,eagle,manufacturer,
2a0433fde38b262e5db7db757057c7c0,paid_search,car_accessories,online_medium,eagle,reseller,
a244f80bac3293a03b71b032e0e09ce5,organic_search,car_accessories,online_medium,eagle,reseller,
dca7085d5af68e91d19ed7cb75e1dd86,organic_search,jewerly,industry,cat,,
3efcdd8c4998017c9578b28a059f72e4,organic_search,fashion_accessories,online_small,eagle,manufacturer,
53be01f4f05aebe9d0c69268ac1999ce,organic_search,music_instruments,online_medium,,reseller,
501f06dacc74edd54022151f71c8960b,social,bed_bath_table,online_medium,cat,manufacturer,
c07c69d716213f5eb297e2721115daca,organic_search,phone_mobile,industry,eagle,reseller,
9c6dc3ff593093879a0eaf172f13589a,unknown,bags_backpacks,online_small,,manufacturer,
7375737cbc45eaf7c478be2858e294ca,unknown,computers,offline,cat,reseller,
e3ad7bdd4df4a7d9653820d9d67d4e49,unknown,sports_leisure,online_medium,cat,,
ed68030ad096167305ee933b382d92f4,organic_search,health_beauty,industry,eagle,reseller,
d238f0c1fbf6fccb32a3f8efcf03e3b8,organic_search,home_decor,offline,cat,manufacturer,
35dae000552fd88cce58a6571998738c,unknown,fashion_accessories,online_big,cat,reseller,
012fa44d6752ee07c167165cb8c6f11c,unknown,home_decor,online_small,wolf,manufacturer,
d73084414361442cb1fd4d659b395c38,direct_traffic,pet,,,reseller,
fb24fdefb6d2dd80651f6c1a87bc0d7f,organic_search,home_decor,online_medium,cat,manufacturer,
ab712090eb9a27881b63080c859147de,unknown,audio_video_electronics,,,reseller,
3d25d97d74b25fda24861545538d0475,unknown,food_supplement,online_medium,wolf,reseller,
f220cfabf79009211ae4493c75c742a9,organic_search,handcrafted,online_medium,eagle,manufacturer,
16b2e31fefe580e6aab327e53949bc14,unknown,home_decor,online_medium,wolf,reseller,
67577e94367b2efc073a5c9085a0e31d,direct_traffic,fashion_accessories,offline,wolf,manufacturer,
4b28b220ac44eb9727640e0b78cc622c,organic_search,household_utilities,online_big,cat,reseller,
04ecc73f538bcc74df709fe9281e08b8,organic_search,home_decor,online_medium,eagle,manufacturer,
7fd23d812013ce3b530b821d855bccbf,organic_search,audio_video_electronics,online_medium,,reseller,
9e7dc95c541eb2d8bf26affe1089821f,organic_search,fashion_accessories,offline,eagle,reseller,
fca7ac68a9bcfe7ec3a017257471f198,paid_search,sports_leisure,industry,cat,reseller,
e4ccb212806eb5e35794b3ebbdf1f6b6,unknown,car_accessories,online_medium,cat,reseller,
c7f1da0a5723f5afd7996648fa9c20d5,unknown,household_utilities,online_medium,,reseller,
7c3e1a45e4127c0eb25d7a8b7250da5b,paid_search,health_beauty,online_small,,reseller,
8e12ae4ee6dc484ecf2277a19b845658,paid_search,small_appliances,online_medium,cat,reseller,
e75d0b169ffeb90d4b805790ce68a239,paid_search,construction_tools_house_garden,online_big,cat,manufacturer,
7ccf00b6949c12d2df1963c60fad4f25,social,car_accessories,offline,wolf,reseller,
08fdf1038af7dd3070bdcd18922e23b2,paid_search,phone_mobile,online_medium,,reseller,
fe7fdf179234f77c4d0ab2ea82a82c52,organic_search,car_accessories,online_small,cat,reseller,
b2fb7865dfca2461177cbad7ec520b0e,email,small_appliances,online_medium,,,
5ebfa70416c6e41452ddde4ce2b536ac,organic_search,audio_video_electronics,online_beginner,cat,reseller,
9064926a39ede3627d76ffcc643bd773,unknown,jewerly,online_medium,wolf,reseller,
44f24b3c093ffe8bb756db22f86a9a2f,paid_search,phone_mobile,industry,cat,reseller,
b05d4080611fca7960d66263f2b29fa5,paid_search,food_drink,industry,,manufacturer,
f593b9ead8801922f74f0a5329e31486,organic_search,sports_leisure,online_medium,cat,,
c2dd0b60035ad00b08f81244a20b4860,paid_search,household_utilities,online_medium,,manufacturer,
5ca05341418f09367540f05484d0b650,organic_search,party,offline,,manufacturer,
92732d8798add606646430bbd6748bfd,paid_search,watches,online_medium,eagle,reseller,
8aa25d565a8891e68d123138a137622b,unknown,pet,offline,cat,reseller,
b47ea67781941189af94d2e217161684,unknown,car_accessories,online_big,cat,reseller,
f5386ed31571beed0361427ff58a9778,paid_search,health_beauty,industry,cat,manufacturer,
000dd3543ac84d906eae52e7c779bb2a,organic_search,home_decor,industry,cat,manufacturer,
d1d99ef14bb813e29718b9b4df53de52,email,health_beauty,online_medium,cat,reseller,
16a50d670cfa9afa1ebd0022240fb0f9,paid_search,fashion_accessories,online_beginner,,reseller,
cc1d6397370f680339bb84ca6ad55267,email,food_supplement,offline,cat,manufacturer,
91bf42fe769d7f395d8f11b747000def,organic_search,home_decor,online_medium,cat,manufacturer,
c5b432382d5978b94676426a32725dff,paid_search,car_accessories,offline,,reseller,
c56202b66d431a16fbc0260c3d2bd1f6,paid_search,food_supplement,offline,cat,reseller,
fa49eb69043e202e2370b17f86bb10a8,display,car_accessories,online_big,wolf,manufacturer,
31aa9651503a33c7f28f2a6e4d46b6e0,unknown,music_instruments,online_medium,,reseller,
c9b03be66eee564123ecf4b66c25986a,organic_search,household_utilities,online_medium,eagle,manufacturer,
2b6a1d360326583e2b95118913845eb5,direct_traffic,toys,offline,cat,reseller,
3b3f06f94891410cd5cec559abe7cff8,display,construction_tools_house_garden,online_medium,eagle,reseller,
dd61b41d5b91a9a09e504f025a87553b,organic_search,health_beauty,online_small,,reseller,
8b0a6e823972477463ff90b9e804a70c,direct_traffic,home_decor,online_small,,reseller,
44d37f9019983d92ead37f855133415b,organic_search,bags_backpacks,online_small,,reseller,
c242ee43f6d34d89ee71b02fbc5e88a7,referral,phone_mobile,offline,,reseller,
7290c4082936311a3295b7c9ca7bda8f,organic_search,food_drink,online_medium,cat,reseller,
0ace14f7dd3d8e29870664c6fa021440,organic_search,pet,online_medium,,reseller,
1d015de3059eb8754a365b5bbc735818,referral,health_beauty,online_big,cat,manufacturer,
f2258c61a8b46c0620005f5949fb11b8,email,pet,online_medium,wolf,reseller,
f4854d16f1c74c2e64a5b01933a04ada,unknown,bags_backpacks,online_medium,cat,reseller,
52427b6097c05044266c10cf110bb16c,referral,baby,online_beginner,cat,manufacturer,
da740a2d739707c310f3762453b41359,paid_search,computers,online_big,,reseller,
cd39b2fcf60d4580dbe25b82be3fd1ab,organic_search,pet,online_medium,wolf,reseller,
5b6359f4589fe6e5a4856110f0480240,organic_search,books,online_beginner,wolf,manufacturer,
3532ba8963b76ecaa46dc6d6f055a31a,unknown,home_decor,offline,cat,reseller,
6451343e4f4041fb19ddf7b9dc58538b,paid_search,bags_backpacks,industry,wolf,manufacturer,
5ee85f64aafcce6b24e3e1171a475ea6,unknown,computers,online_medium,cat,reseller,
2fdef625a264874c1a4081ca24dd479d,paid_search,health_beauty,online_big,eagle,reseller,
b8a54e345fa5fa48d9f72b7cd514240d,organic_search,home_decor,industry,cat,manufacturer,
a78562b316f0578286ddea6e6eaf2c63,unknown,construction_tools_house_garden,online_small,cat,reseller,
c0760e4171db0cd649bda18fcd314e33,unknown,household_utilities,online_small,,reseller,
9ef248df74556f4768271660f5ef5f7b,organic_search,home_decor,online_medium,,reseller,
4532f03593699ffdfd5fc1b58540190e,unknown,home_decor,online_top,cat,manufacturer,
dada30935bcfc75c69e651430ea8815f,organic_search,bed_bath_table,online_medium,cat,reseller,
e9631bea70bc3ae4018bff0eac2c0986,social,home_decor,online_medium,eagle,manufacturer,
1dbafa1bd602541ba5249cf8cc388acf,organic_search,computers,online_medium,cat,reseller,
d92949512f85bf2db92ad19b662922f6,unknown,health_beauty,online_medium,eagle,reseller,
dcee66ccb49a492ae42c446c0cc01b3a,paid_search,audio_video_electronics,online_medium,cat,reseller,
4a357e43fba47afd6d96c6f6524ade53,paid_search,bed_bath_table,online_medium,,manufacturer,
fceb58eea3ffda92cf9ab32fd9e5fe0d,organic_search,stationery,offline,cat,reseller,
63d196328512c582293ce6c845521bb6,paid_search,computers,online_medium,eagle,reseller,
cd60cded04fede4abccff6e0dea36f6e,organic_search,handcrafted,offline,wolf,manufacturer,
6fd8a9e989f62bd98e7d20c2f81b1519,paid_search,watches,online_medium,cat,reseller,
e03c43e6cfff88b9e06badf1de66b950,paid_search,health_beauty,online_medium,eagle,manufacturer,
33d81348225fe436802063fc73e6f2c5,organic_search,gifts,online_medium,cat,reseller,
ac2adbbec7f0d2fffad8e21d5e8a58e1,email,health_beauty,online_medium,cat,reseller,
8dcedd6884e553e55dfb6298a6f6cd94,direct_traffic,audio_video_electronics,online_medium,cat,reseller,
ba0773260354774c193b04f6af910192,direct_traffic,household_utilities,online_medium,wolf,manufacturer,
f5772c97a8e2bcf909674d8701480d55,organic_search,phone_mobile,online_big,cat,reseller,
4926b735eb624e5de200880635cc272a,organic_search,air_conditioning,online_big,,reseller,
28f36aa85fbadc0663c2df15a5af35db,organic_search,phone_mobile,offline,cat,,
0383bd4aa37e8dd109be3864bc703eda,paid_search,car_accessories,online_medium,cat,reseller,
80f3f5f7b631b0e974a4a4627672e73a,organic_search,health_beauty,online_beginner,,reseller,
20c1fd3638caa5d1dce50b6c0b7fc409,organic_search,audio_video_electronics,online_medium,cat,manufacturer,
5177d7712d018e49b0015adfdc2bb393,email,stationery,offline,cat,reseller,
3f972cdb5e257034c5ad72bd3b0ed184,unknown,home_decor,online_medium,wolf,reseller,
b440cc1f36911a5256b3dc30a1d599ba,direct_traffic,bags_backpacks,online_beginner,,manufacturer,
5b7fc89c42ee0f99a9db33e8baed5c52,organic_search,home_decor,online_medium,cat,manufacturer,
d3acf9ea06733ab725beeec8333da403,social,food_drink,online_small,,reseller,
bfa4c8f989b5998d069da0a75550a7ce,organic_search,car_accessories,offline,cat,reseller,
0dabd1a1be08da96cd6fa993b9afb0a8,paid_search,toys,online_medium,eagle,reseller,
9ab8da6ebb84a25f23233a3a2e8cfc11,social,car_accessories,online_medium,,reseller,
80a19b2bee623d67010812c64f360300,unknown,books,online_medium,wolf,reseller,
820f7970418d010d52a1c1db2d3c1d65,social,health_beauty,offline,wolf,reseller,
c22f68de5bdce96fee03e21ca08d898d,paid_search,construction_tools_house_garden,offline,cat,reseller,
0456932dafd6f6b56f142efaa19ea8ed,unknown,audio_video_electronics,online_small,cat,reseller,
c9535ee549d198a4b146a5a81e0a6450,unknown,household_utilities,online_small,wolf,reseller,
6fb435d98ce368e0b727cec0f8a2ccfb,unknown,computers,online_medium,wolf,reseller,
719a6e5ecb3067f0725a36f477404c5c,paid_search,bags_backpacks,offline,wolf,reseller,
e0bcbf50b9afa71ee130b94dfe8bcf2e,paid_search,health_beauty,online_small,cat,reseller,
10d6786c2646e4ef82973b3045096882,social,fashion_accessories,online_small,cat,manufacturer,
79304cca1ad8a247a9bafffd5f4db436,organic_search,food_drink,industry,,manufacturer,
8999714b474171439f0c56236609a287,organic_search,home_decor,industry,,reseller,
d8bbc05a9852cf8c785e2b05c5ba1bd9,unknown,computers,online_medium,cat,reseller,
b37245bd5e22836dea166c9bf1ce3715,unknown,home_appliances,online_medium,eagle,reseller,
98f57d973e7f90b1b813f13e5ebd847c,paid_search,car_accessories,offline,cat,reseller,
8df878a8e746bb16f57beaa0615b5693,social,home_decor,online_small,cat,manufacturer,
07c70f3b440791aa82c370d17910f32f,organic_search,sports_leisure,online_medium,,reseller,
bf38970e96dee81ef0b4b76c2feb1a2a,unknown,baby,online_medium,cat,reseller,
c14a716bc18a0f87296c2ec10bfe8929,organic_search,bags_backpacks,online_medium,wolf,manufacturer,
86b283c5d439e7c9a64dca8e850c5ebc,paid_search,home_decor,online_medium,eagle,manufacturer,
d6beac7184414a6487a7edade4c0f2ef,paid_search,car_accessories,online_medium,cat,reseller,
b64eccfaa3c560d142a15ca43a0ddc98,organic_search,health_beauty,online_medium,"cat, wolf",reseller,
9678fa54dc9751a0633fe25843f900b4,organic_search,toys,offline,cat,reseller,
85ac6feb584b665e85664974c546cfec,paid_search,toys,online_medium,cat,reseller,
75743dbfcf177f2885a59b460017feee,paid_search,audio_video_electronics,online_beginner,wolf,reseller,
418f995ca45e4394daa4447bd637ec4d,organic_search,audio_video_electronics,online_medium,eagle,reseller,
37ff30ea1566d0236fbe68c74def55bd,direct_traffic,bags_backpacks,online_medium,,manufacturer,
803fce03a8d1123afbbdbbbad0c4377d,unknown,home_decor,offline,shark,manufacturer,
9bde09f29256de88f4897345646c850c,paid_search,car_accessories,online_medium,cat,manufacturer,
1d656ca6611216968c7c89914031e043,unknown,bags_backpacks,online_medium,wolf,reseller,
abcbe3ee8523b90b416337f0abd94a53,paid_search,health_beauty,online_big,wolf,reseller,
746ac26956df2d6be2b2c66c26b62fda,unknown,household_utilities,online_big,wolf,reseller,
7f6401a2da5927d2c2fe3b6b946a9f37,unknown,food_drink,industry,wolf,manufacturer,
51d81424aa2d36bf4248ae8a4a3cc885,direct_traffic,audio_video_electronics,online_medium,cat,reseller,
51b030d05fdce1d571c4f55eed93d323,paid_search,health_beauty,online_small,,manufacturer,
62a081b993506561f522af260073cb18,direct_traffic,health_beauty,online_medium,cat,reseller,
df2782c019d0d66a88af774011e8ab29,organic_search,home_decor,online_medium,,manufacturer,
bc419ad99b06b6b3e155039d714e2061,unknown,baby,online_medium,cat,reseller,
92ad56ab29e347d1779a07879d38c67a,direct_traffic,household_utilities,industry,cat,manufacturer,
c92c413cead7d8b67a89850ba352e1d1,display,construction_tools_house_garden,online_medium,cat,reseller,
00dc5000951c268cc8655294daf67b1b,paid_search,handcrafted,online_medium,cat,reseller,
7b6ad2297d3beb569ddf3ee1ce22ffa8,paid_search,health_beauty,online_medium,shark,reseller,
07e3b175a6c00f310d4e7e4b17df1304,organic_search,home_office_furniture,industry,cat,manufacturer,
64c6e872abc90f8a480908b92521e25a,organic_search,home_decor,online_big,wolf,manufacturer,
d75057842b733134576d690d1d9509a2,unknown,sports_leisure,offline,eagle,manufacturer,
89599d85cfa823d8886146af161ea5b3,organic_search,audio_video_electronics,online_medium,cat,reseller,
d6f0ffd9dd59848ed1b74ad799489755,paid_search,construction_tools_house_garden,industry,cat,manufacturer,
9af787c1e7409f0866ade669dba8f697,organic_search,construction_tools_house_garden,online_medium,eagle,reseller,
6e668e75a724c96385d31729d5f7759b,paid_search,construction_tools_house_garden,online_big,cat,reseller,
d5f8ca8f1c429e41c73b370ad2fb45a1,unknown,religious,online_small,cat,manufacturer,
30c1778642a506dbd803a0fa5ece533e,organic_search,pet,industry,wolf,reseller,
95f2351eb791917e3e1cee823cf25969,unknown,health_beauty,offline,cat,reseller,
4388a23da67b154b780b78dd7ea4636e,organic_search,computers,online_medium,wolf,reseller,
c262b62c257bb4e97a9618c9bf4bacf5,email,car_accessories,industry,eagle,manufacturer,
bd47dc58209bc820d555f935bf055e40,paid_search,stationery,industry,cat,manufacturer,
8257329475414b1eaf3dc731440e01a7,organic_search,small_appliances,,cat,reseller,
8661d5d36e6ade1beb145e7154f96310,paid_search,car_accessories,industry,shark,manufacturer,
d0dde222e608c66b65d44776bd8b4092,organic_search,health_beauty,offline,cat,reseller,
33bedbbf5f4322acc36ecf15bd34cc57,unknown,home_decor,online_medium,,reseller,
5f1a8a8fddbc8a5ff4bf0f111dc69ff4,unknown,home_office_furniture,industry,cat,manufacturer,
3559ec2c1c4f29266d1c1eb0f1164549,social,audio_video_electronics,online_big,cat,reseller,
efe655d620d2d3d55ab8b2b6c86a945d,paid_search,car_accessories,online_medium,cat,reseller,
ddbfc14f2f93b8eeb75d4b11a876b7ba,unknown,games_consoles,online_medium,"eagle, cat",reseller,
b6b8870c2b130a562fbe89fb0bb9518a,paid_search,home_office_furniture,industry,,manufacturer,
1dec44d3b8974e86ab337f1755cd893e,organic_search,household_utilities,online_medium,cat,reseller,
356222b46d95b7fb1215f652ea9fd2f3,other_publicities,home_decor,offline,cat,reseller,
b39ac02ff5021fed10cb9988a23d5d02,social,home_decor,online_small,shark,manufacturer,
bc916355c4b4bff29473d27f0a214b84,unknown,health_beauty,industry,,reseller,
19d0170c5a9f7120fdcb2c34e9373f68,referral,computers,offline,eagle,reseller,
1ce04284ef15be769958c668292573b8,unknown,household_utilities,online_big,,reseller,
dc5cd6ec5b2df75ead63c98d5963e732,organic_search,handcrafted,online_small,cat,manufacturer,
ca7ca7ea7912312362a50c3754c1cc2d,social,toys,online_small,,reseller,
f46657d673d95ccf8d12b1075ab7c653,unknown,household_utilities,online_medium,cat,reseller,
7a2c5f44c553096c00bd05e62c4f3771,direct_traffic,health_beauty,online_beginner,cat,reseller,
ac894bcbadb0692e692ba49e19bc219b,paid_search,phone_mobile,offline,eagle,reseller,
796e2f57fd87b9b44251e692e269f0bf,paid_search,bags_backpacks,online_medium,cat,reseller,
b9e0ea8939615cd9008530f5f4e5e54d,paid_search,home_decor,online_medium,,reseller,
f5baaf0afe419681731ec3d30dafd954,,games_consoles,online_big,cat,reseller,
15aea757696aaf9af950992f299b6789,organic_search,home_decor,industry,wolf,manufacturer,
8ba72c13888964788024b12e39aef6de,organic_search,construction_tools_house_garden,online_medium,cat,reseller,
5b2aad03528f0d771e8332451010d045,social,health_beauty,offline,cat,manufacturer,
cc7ae92e162840095c5bfa89acbcc478,paid_search,household_utilities,online_medium,cat,reseller,
fea6d3c362395ffa975ea4fd8d5d8ebb,organic_search,home_office_furniture,online_big,eagle,manufacturer,
6fec8c1ba9b9aa79bd26e09fc8aae3eb,organic_search,handcrafted,offline,cat,manufacturer,
f4812a8b0f238b290cb25f11a975edf3,paid_search,small_appliances,industry,wolf,manufacturer,
34aba6f934aa1a8de795d088a6875d28,paid_search,health_beauty,industry,cat,manufacturer,
d79c868179307f1cf78d0a12c56e2bf9,organic_search,computers,online_big,"shark, wolf",reseller,
a2de60ae969948c62475144651c21281,paid_search,car_accessories,online_medium,cat,manufacturer,
f2e5f6f0caaa54cb5161d5cd753cf57f,direct_traffic,baby,offline,eagle,reseller,
2d425507027fe5ccf5e23dc6bf98af4b,social,watches,online_beginner,cat,reseller,
9af7ea3259a69623a41b6e8bf98a52b4,direct_traffic,home_decor,offline,cat,reseller,
45f4ec2f92cda096fc01052b9f53dd89,organic_search,car_accessories,online_medium,cat,reseller,
88a7d45c0b4b7c6d948ffff9e0be1de4,organic_search,bed_bath_table,online_beginner,wolf,reseller,
26b54d75fad5660ca6471905fe1793cf,unknown,phone_mobile,online_medium,cat,reseller,
8e8336b19eec4f492acff4a97a5a4bf4,paid_search,pet,industry,eagle,manufacturer,
2b35567523c67c1a9c32ef101ae7bc73,,health_beauty,offline,cat,manufacturer,
5ce2c548b89181fc2a9b18df3882603e,unknown,home_decor,online_beginner,cat,manufacturer,
c9be6fa4a4d011709bfa79908b2a1238,unknown,health_beauty,online_beginner,cat,manufacturer,
e66292f43e32d3b92d2c00229a6afe55,organic_search,bed_bath_table,online_big,wolf,manufacturer,
92c9627a1529f28cb04691b9fe1f6ec8,organic_search,jewerly,offline,,reseller,
44c115ec4cfd1287a92e824ff941aa3e,unknown,construction_tools_house_garden,online_big,wolf,reseller,
1f539e92146eac32306bcb0f8ba374ec,unknown,party,offline,,manufacturer,
e758533feded97683d573154714a195b,referral,health_beauty,offline,eagle,reseller,
6456e5e81dd87446f811df77548e6a6b,organic_search,food_drink,offline,"cat, wolf",reseller,
e8caf5068d097fe43a132fbc1152bdd8,email,construction_tools_house_garden,online_medium,cat,reseller,
9ea89671c9ac8a9c53062381b303f4d4,direct_traffic,car_accessories,online_big,cat,reseller,
5d23750fc8ccf6284ca2ef9063c7b395,referral,construction_tools_house_garden,offline,cat,reseller,
058172f0764ed2bfad2c7aa7cb9ae15f,organic_search,household_utilities,industry,eagle,manufacturer,
3138f2d16a2894a0b029ac115da88f8f,organic_search,home_decor,online_big,cat,reseller,
b4994d8000b83caf4875f9cf28664194,organic_search,computers,online_beginner,cat,reseller,
acc0e9c96173c579c90c05de205a2b63,unknown,audio_video_electronics,online_medium,cat,reseller,
df5f39b59210605db5d0afb2ddac38a6,paid_search,handcrafted,online_small,cat,manufacturer,
d78e4f87a5a597a1c8f2663af303e65b,unknown,health_beauty,online_medium,cat,reseller,
f487c050e3c1f3c31f85b9f818ccc0c2,social,home_decor,online_big,cat,reseller,
ff3e7e5ca2f0e0d94bff1aabf7ed6ff3,unknown,home_decor,online_medium,cat,manufacturer,
ec2f34a30d5b87ed1d3e9de2741ddabc,unknown,health_beauty,online_small,eagle,manufacturer,
dedd5db8f760f36dd41fba0d5e94308b,paid_search,food_supplement,industry,,manufacturer,
0a634763cc1a09532dd8cbf0e74e3d48,social,pet,online_beginner,wolf,reseller,
7ac6d80c42fdb4020030b1cb9ed708f5,unknown,construction_tools_house_garden,online_medium,,reseller,
d62e62abe24dcaa94f9e1b3678477b51,,construction_tools_house_garden,online_medium,cat,manufacturer,
b97dc9b1917a076d96da7c0ae4e2ed72,organic_search,household_utilities,industry,eagle,manufacturer,
7f95cccd5ccfb40b086d93e209d08ebf,paid_search,food_supplement,online_medium,eagle,reseller,
59d49e1ef1cc5496dfde1a1cc0c74004,unknown,music_instruments,online_small,eagle,reseller,
dbf25bb9667ad45905359f401d0ffb60,paid_search,stationery,online_medium,cat,manufacturer,
ff8ee6aac61c11f16443646cdf467146,direct_traffic,car_accessories,industry,cat,manufacturer,
4c3419c75074a0734e4d1851aa66eb8b,organic_search,health_beauty,online_medium,,manufacturer,
2dfbe1c802c78a8b1f75ef13b70c1124,organic_search,household_utilities,online_big,shark,reseller,
5db98ad3d38184a2f9db88f5bb1c62c1,paid_search,car_accessories,online_medium,cat,manufacturer,
b91cf8812365f50ff4bda4bcd6206b05,organic_search,health_beauty,online_big,cat,reseller,
6ddd8f436b40ded89a268f4b38a30b35,unknown,computers,online_medium,cat,reseller,
3d2c7bb8be9ea80c1477b6778fbd2cf6,paid_search,car_accessories,online_medium,"cat, wolf",reseller,
9e5523333afdebe2911f20c3e5b452df,paid_search,health_beauty,offline,eagle,reseller,
d54be8a176d25fedda751546f6276fb6,paid_search,audio_video_electronics,online_medium,cat,reseller,
4653dc197e56d94547c86d7a3af40833,organic_search,toys,online_medium,eagle,reseller,
8ac5c69653a6ec0c8a96f304c13fb1d6,organic_search,bags_backpacks,online_medium,,reseller,
b02c6bdb3693e65bd8e9b75df65fe2c4,paid_search,audio_video_electronics,online_medium,eagle,manufacturer,
423b036257e9b247694318b327fdef68,paid_search,bed_bath_table,industry,,manufacturer,
ac029f072468dd8c97c15f0a9fa96f00,paid_search,home_decor,online_medium,eagle,reseller,
e77cae9fcdb3fd588d797921ac663823,social,audio_video_electronics,online_medium,eagle,reseller,
8d4af10effffa338cc97d3ef4b2507dd,unknown,health_beauty,offline,eagle,reseller,
01409f7f7f2bd5ec0c1755b362e9db6e,other_publicities,health_beauty,online_big,cat,reseller,
214ace4c93ff3e251c239e9d47d1517b,organic_search,health_beauty,online_medium,eagle,reseller,
9dde4d7713ae64986ab6f5c9f9cf94d3,organic_search,other,other,cat,other,
07da1921cbc124b15d105b3e13d67eb5,unknown,car_accessories,offline,cat,reseller,
b17d646e36f5fb120b2ea74c14d39f5c,referral,household_utilities,online_medium,,reseller,
b4a52d5e8d7a56355abf7597fe5b2bbd,organic_search,watches,offline,wolf,reseller,
61681a30d47dc8b1ec5180ccdec26ba5,,health_beauty,online_medium,,reseller,
27ce438e6e1f602971ea0443f5d4428e,organic_search,stationery,online_medium,wolf,reseller,
b48c62590e6d0cda7b99d3c4053a412b,unknown,food_supplement,industry,cat,manufacturer,
7bf1f5c2051159d32a588de7a73c8edf,unknown,baby,online_big,eagle,reseller,
4f2a5cee950dff883ba2d52715c97bb3,direct_traffic,home_decor,online_medium,cat,manufacturer,
2f68c2e0cd8964d59dbbcfa48196b499,social,stationery,online_medium,cat,reseller,
6ff169c8d96bc9b776c14c0e65af28df,organic_search,health_beauty,online_medium,cat,reseller,
13c5dfa246046c0beea97e100f32a1a9,referral,stationery,online_big,,reseller,
0a55079ea003674ae2145b02f03ff27d,paid_search,health_beauty,online_medium,cat,reseller,
af727f4749d4bccd52b0d84bcd241a28,paid_search,health_beauty,online_medium,cat,reseller,
b2385ae6de2a909f2ad7b45f9922af69,organic_search,health_beauty,online_beginner,eagle,manufacturer,
7c23287c6dd3acd5f4fae4175be75c7e,organic_search,computers,online_beginner,,reseller,
eb7cd84a106d9862149ce49358dccf98,organic_search,home_decor,online_beginner,,manufacturer,
5c2d8be7b4d5836ebf6e70455ba735df,organic_search,health_beauty,online_big,,reseller,
33ce1e734d9d50629fa2c36769285d53,,construction_tools_house_garden,online_small,wolf,reseller,
a38a9af287823928c8b66b29dde21c29,organic_search,household_utilities,industry,,manufacturer,
8d31e1ca580336797fc5c552cc86b96b,email,home_decor,offline,eagle,reseller,
7f06e90b62b8a276308c2756f5afd601,direct_traffic,food_supplement,online_medium,,reseller,
fd582eb497bfc1fdf07f3e7d0e259b70,organic_search,fashion_accessories,online_medium,cat,manufacturer,
c31cd9eb0233c998e5d682c4d826d8c6,unknown,gifts,online_medium,eagle,reseller,
79c57bf41c34485dfe8b0d15d45a5fa2,paid_search,home_appliances,online_medium,wolf,reseller,
b13432d01614c9d18263698af2837e1e,email,fashion_accessories,online_beginner,cat,manufacturer,
8e3a0c64471d95b0099a960973289946,organic_search,home_decor,online_medium,eagle,reseller,
c4b5d00fab66a49d63428f51800130eb,unknown,stationery,industry,eagle,manufacturer,
c0fa242837c43fe0531989b269153441,organic_search,car_accessories,online_big,cat,reseller,
e2d1a6e73522ced82377206f4ac503de,organic_search,car_accessories,online_beginner,,reseller,
cd1c758ef1fa8b3fa90d46efc6e4c66d,paid_search,household_utilities,industry,cat,manufacturer,
0ec14948e088cd74e70ad82de1128b3b,social,audio_video_electronics,offline,shark,reseller,
7482d965e9c3156079b7ea6423fd41fa,unknown,health_beauty,industry,,manufacturer,
90da5fb6873f5daa02586c51fec88189,social,car_accessories,online_medium,wolf,reseller,
38cdcd4e817aad01e8408901fa10f392,social,audio_video_electronics,online_medium,eagle,reseller,
40965efa19c345bfd62e38846d71eb85,paid_search,household_utilities,online_medium,,reseller,
5490e7d6b0202e0f649d6fba5bf770ec,organic_search,sports_leisure,online_medium,cat,reseller,
23b7bbab67f2caadba743ff405d27b5c,organic_search,sports_leisure,offline,cat,manufacturer,
b668bbfcf4f79f076b2210cb21e87734,direct_traffic,construction_tools_house_garden,online_big,cat,manufacturer,
b368759b56dbed0f9e5818fe1f7ca8bd,unknown,toys,online_medium,shark,reseller,
1ad74caec14332594a6e910b3d183e87,paid_search,bed_bath_table,online_medium,eagle,reseller,
5527123f5a35a024c0f3bf4689e76e7b,organic_search,home_decor,online_beginner,cat,manufacturer,
e7d22b2d896aff8c14d0f1f6c7ff151b,organic_search,household_utilities,online_big,cat,reseller,
062eb81d4674705d10c8ecb848358cb3,unknown,bed_bath_table,online_medium,cat,reseller,
c18171305e73faabfa61d61c41a420ae,organic_search,health_beauty,industry,,manufacturer,
713db6add2b5e85a240d2daffd3e9dab,paid_search,computers,online_small,cat,reseller,
2c30dbced2ca2da386510d7416679269,organic_search,car_accessories,industry,cat,reseller,
a253f7f97019cf1a2c74eed3ce23db58,unknown,pet,industry,cat,manufacturer,
f812d76fe4aaf25c32584b9597915c61,unknown,household_utilities,online_medium,cat,reseller,
07f26c1e7d2873a9e6860909c00075c2,paid_search,construction_tools_house_garden,offline,eagle,reseller,
dcb63974e7efcb5cf46738cb2a22edf1,organic_search,audio_video_electronics,online_medium,eagle,reseller,
9729df58c832dc4574b1c382191df44a,paid_search,bed_bath_table,offline,cat,reseller,
fa7482659fd71e6e233eadf4dbf3ed4e,unknown,sports_leisure,offline,cat,reseller,
a6bf24ce0939b46b6536e02a3d244cc3,,food_drink,industry,wolf,manufacturer,
c184064068f67936a71e38a4e6a9e78e,paid_search,household_utilities,online_medium,cat,manufacturer,
205a11a1b97d7e8bdb33aa6c36f3ef2a,direct_traffic,construction_tools_house_garden,online_medium,cat,reseller,
a8da3378b39d078f77361620c9481ffb,organic_search,household_utilities,online_medium,cat,reseller,
3e1d9bee7fa8982cbd0dd0c0aa5ce905,organic_search,bags_backpacks,online_beginner,cat,reseller,
051cb0d72dcd23f16842e894f5c46051,organic_search,household_utilities,online_medium,cat,manufacturer,
2008b6bfa59e4d81791f9ecbfd9f1a75,paid_search,computers,industry,,reseller,
5ac050d44e6476acecf88969950cf3a2,organic_search,health_beauty,offline,,manufacturer,
0e9c14002f9268601c57837930261014,unknown,car_accessories,online_medium,eagle,reseller,
baf5ecd84c6a8766519b98f66eec1511,,health_beauty,online_big,cat,reseller,
7e4bb8c8f3bdcbece5996f24ba507120,paid_search,home_decor,industry,wolf,manufacturer,
b4abf3d319afe2544a5dd0966141ef10,paid_search,audio_video_electronics,online_medium,cat,reseller,
ee68544f42eef8386730823cff7446cc,paid_search,home_decor,online_big,cat,manufacturer,
01c629f6b8f2460aa362f29caaaa0a8e,social,pet,online_medium,shark,reseller,
287915711d06ce6d90e2c18e1d89d3a6,organic_search,household_utilities,industry,eagle,reseller,
af8ba6e9ccdd2960424f19b3cfb54baf,unknown,health_beauty,industry,cat,reseller,
7f1a58f7b373d68560c1cf8e340e87ae,organic_search,car_accessories,online_medium,cat,reseller,
66ff0b5dbb060ef47f756d33cf170f97,,audio_video_electronics,online_big,cat,reseller,
d636a570e9dc6d962ffce7426b8b53ad,social,bags_backpacks,offline,eagle,manufacturer,
3b7585682efa3f3cb07b4e7ae6ec53d4,unknown,pet,online_top,cat,manufacturer,
680fd12be44eee12aee2a2e023438a5d,paid_search,home_decor,online_medium,wolf,manufacturer,
cb0f32260247ecac66b2954d6320f6be,organic_search,home_decor,online_big,wolf,manufacturer,
962ebbfe9e9c53b566b6c107b19f4bba,direct_traffic,health_beauty,online_medium,,reseller,
a7aef852029ddd8bba20bf60b536415b,organic_search,construction_tools_house_garden,industry,eagle,reseller,
ce721edac2d10ef0b2ee26c40924d7a5,unknown,household_utilities,online_medium,"cat, wolf",reseller,
6548cf02964800e58014e5040bb14e01,paid_search,car_accessories,online_big,eagle,reseller,
239771729fe22c7c1bdbf136f7304eed,organic_search,home_decor,online_beginner,cat,reseller,
2f9e00b759f8d090d2d2ecae1347104f,organic_search,car_accessories,industry,eagle,reseller,
ee577c86d39b672b84ced795d14380dc,organic_search,fashion_accessories,online_top,,manufacturer,
87db7aea88a3ae9304944ae954c6a420,paid_search,household_utilities,online_medium,cat,reseller,
5f87a3fcca7c117d0f4186749a5c6c59,direct_traffic,health_beauty,online_medium,eagle,reseller,
d15288d9955379f7bde91577c9177310,unknown,home_decor,online_medium,wolf,reseller,
186f0892f13de5443c0b6d042a6ddde0,organic_search,sports_leisure,online_big,cat,reseller,
7fc2067b7f0e5d86dd4dfa1340b93910,unknown,health_beauty,online_big,,reseller,
a3980fc1d4915887bc4b815080e58a00,organic_search,home_decor,online_medium,cat,reseller,
de4dbaab116c6ce122ca050041e1546f,social,audio_video_electronics,online_big,cat,reseller,
af37f5b0de67364f54d9b53d8e8afbfa,organic_search,home_decor,industry,cat,manufacturer,
660110aa3162f77605b07eec19f1e20a,paid_search,household_utilities,online_beginner,cat,reseller,
c2385a5e739790f3b8c1d459abee3e5b,organic_search,handcrafted,online_medium,cat,manufacturer,
a8aa308791fc464208fb025038454c24,organic_search,home_decor,online_big,cat,manufacturer,
144194b941960b62a1217cc9d27ebdbe,unknown,construction_tools_house_garden,industry,cat,manufacturer,
7e0a3b03133c5c75330162fee599e5f5,organic_search,construction_tools_house_garden,online_beginner,,reseller,
b466c22d12d52c8a0d3792d2eb44b828,paid_search,household_utilities,online_big,wolf,manufacturer,
de0fcd75c97ecea4ebbb534ea6476743,unknown,phone_mobile,online_medium,cat,reseller,
c2102c66aa81e5c07f72cd88e46d091d,unknown,car_accessories,offline,cat,reseller,
caea756b29bd071f00ce526f40645a78,unknown,sports_leisure,online_medium,wolf,reseller,
7720c6892d447539b71d8bd9e4d1ef60,organic_search,toys,online_medium,"eagle, cat",reseller,
21dd2bb7a4d988443cb303e42afb8316,paid_search,small_appliances,online_small,cat,manufacturer,
f0affe8ec1361efcafd1816b5b1c2426,social,food_drink,offline,,reseller,
0ff0a4ce9abf031dc12194a19ced4ef1,unknown,food_supplement,online_medium,cat,manufacturer,
a0ab09eb2842e474a3a5aed12e533a2a,paid_search,food_supplement,online_small,,reseller,
c6a3a2c5533022519407029f38d214fa,unknown,sports_leisure,online_medium,cat,manufacturer,
1785cff273aedbd875c814b46928ad7f,,audio_video_electronics,online_big,cat,reseller,
a57bf18e19b6b17e3d4fbc20561e2055,organic_search,toys,online_small,"eagle, cat",manufacturer,
eb454ad6be830064d49727814426bb6e,paid_search,baby,online_beginner,cat,manufacturer,
b14ab177881b4c06b81317c5f2034ede,paid_search,home_decor,online_medium,cat,manufacturer,
921fc9c7fd3ec362c7276f81fa81baf9,paid_search,health_beauty,industry,wolf,manufacturer,
45b5846f3d142b0748d3dc2ab223ab6b,paid_search,car_accessories,online_big,cat,reseller,
ce518001633ca4e1f2ae4b02f4dcb11f,organic_search,food_supplement,offline,,reseller,
341d4a2ff35fb1a23abe056798b04d41,paid_search,gifts,online_medium,cat,reseller,
9542f2f27285580fe8d6aa82e179ed28,,home_decor,online_medium,,reseller,
1217984b38cadfb4b1c15f30a3212680,organic_search,food_supplement,online_medium,,reseller,
1b9d7ffccca875a9079e3b57c24a3113,unknown,audio_video_electronics,online_big,,reseller,
8b2112b1064c167cfbccbdeb2b5841f2,unknown,handcrafted,offline,,reseller,
878c57ac87b8629049a172596fb9a67d,organic_search,food_supplement,industry,cat,manufacturer,
b7f3b8bcd964f9e44b212cceabacf877,unknown,bed_bath_table,industry,cat,manufacturer,
ea36a38cfad96a89e2614f339f909549,social,construction_tools_house_garden,industry,eagle,reseller,
ebcdc4e2a7e73118fab4921b78200b2b,organic_search,sports_leisure,online_big,cat,reseller,
ae437864746ae2a9e694a6ed2b5824db,unknown,construction_tools_house_garden,online_small,cat,reseller,
100a1f43c56bb71781a2231a79900488,social,home_decor,online_beginner,eagle,manufacturer,
3434cfa4a17f019a5aae78ee0bec24bf,direct_traffic,home_decor,industry,eagle,,
2852475bf1d02022e4eb5269c452259a,organic_search,home_decor,online_medium,wolf,reseller,
5a85461739094491a96bb30267640454,social,computers,industry,cat,reseller,
42d15f0a37b7d0a151bb2ca9cc7e5548,unknown,fashion_accessories,online_medium,,reseller,
862690c612c4c41a2ddceb9bf7a5c848,unknown,construction_tools_house_garden,industry,eagle,reseller,
76609909f975f3db5b8e50e4cb9ec136,paid_search,health_beauty,online_medium,cat,reseller,
d5cb61eef98bd237e41bc2225263f823,paid_search,other,other,"eagle, wolf",other,
9c2bfd97ce00ce9553bdc0f34c3532b6,paid_search,health_beauty,online_medium,shark,reseller,
6c1f11f779599fe6d280c41d644ed43b,,bags_backpacks,offline,cat,reseller,
3223fed48f30bbdc0f6040b466516bcb,unknown,construction_tools_house_garden,online_big,shark,manufacturer,
4b650319cca0b2d0480d58b5c6451a28,paid_search,audio_video_electronics,online_medium,cat,reseller,
d4db78e389387c2d6f0b5404cbc61fc5,social,car_accessories,online_medium,cat,reseller,
d4b60729388ac1c3435ee0fcefba1ebe,unknown,fashion_accessories,online_beginner,cat,reseller,
513622713be8b84fd8d5b783f6fc82b5,social,household_utilities,online_beginner,,reseller,
7d4b139b99fa4e14170492f54032c321,paid_search,phone_mobile,online_big,cat,reseller,
3e4a3f9ecab2d513b6782748c9e0a884,organic_search,sports_leisure,online_small,cat,reseller,
b3d72af547b23265305eda666dd749f9,organic_search,books,online_medium,,reseller,
9e7c75dad869b2691a339a70cf105f0e,other,bed_bath_table,online_beginner,cat,reseller,
1db2d761017113fbfd4246f0402ac4e0,organic_search,car_accessories,online_medium,,reseller,
b6bbd11daf9d7d31ffa787379614cd4f,paid_search,audio_video_electronics,online_medium,eagle,reseller,
ee24544795bf59a8343731c3501c6b4e,social,pet,online_medium,,reseller,
7998ee341a2b3ffe1f5b8f11c0e78d11,unknown,stationery,online_medium,cat,reseller,
98826328c3a60215e53b342560084571,other,health_beauty,online_big,eagle,reseller,
dbc6f53e8aa4b30d61366ddc81b17a91,paid_search,household_utilities,online_medium,cat,reseller,
72477e4cbc223fd605cdf76361cbe0a6,unknown,food_drink,industry,eagle,manufacturer,
245710681d51a6dfb80ab06683f3be01,organic_search,computers,,,reseller,
512f3a7ea5520eae3b54a77c0497489e,display,computers,offline,,reseller,
b3d5cd16656bd872844d94e6c00ac9f3,paid_search,food_supplement,online_small,eagle,reseller,
f8e1b8b3a3fe9b27a64dfcaaa8fc6054,organic_search,audio_video_electronics,online_medium,,reseller,
cd803c8ab3c2afa5430eeb195bcebe6a,email,household_utilities,online_medium,cat,reseller,
676207ddcc8087437135a4b461fc07cb,social,health_beauty,online_medium,cat,reseller,
98b18a14a0472c9e4a4eb0bb77ae3592,organic_search,food_supplement,online_small,cat,reseller,
e7f70a2ff45e44c7399bebacf3e4771d,organic_search,car_accessories,online_medium,,manufacturer,
df9a2abe2ad3f2d8758b675ac8331ecf,organic_search,home_decor,offline,cat,reseller,
8723201570415eb23b4f095d8c20a27c,organic_search,construction_tools_house_garden,online_big,wolf,reseller,
2e57665b8faf05c967a801eb5aedfa0a,paid_search,computers,online_medium,wolf,reseller,
40955be51cc85c5a5a6cdd12b19e9f10,social,pet,online_beginner,cat,reseller,
8a6492305a5fbcdcdd1a7f5a90764c07,direct_traffic,household_utilities,industry,eagle,manufacturer,
